notes,member,split,model,experiment,settings,date,accuracy,log_loss,macro_f1,weighted_f1,f1_kitaifa,f1_michezo,f1_biashara,f1_kimataifa,f1_burudani
"Experiment 1: plain one-direction LSTM, mean pooling, random embeddings",Alain,validation,bilstm,lstm_baseline,"{""bidirectional"": false, ""attention"": ""none"", ""embedding"": ""random"", ""class_weights"": false, ""max_len"": 300, ""embedding_dim"": 300, ""hidden_dim"": 128, ""num_layers"": 1, ""dropout"": 0.3, ""epochs"": 30, ""batch_size"": 64, ""lr"": 0.001, ""patience"": 4}",2026-10-03 17:44,0.8523,0.4257,0.5138,0.8466,0.8148,0.9502,0.8038,0.0,0.0
"Experiment 1: plain one-direction LSTM, mean pooling, random embeddings | after temperature scaling",Alain,validation,bilstm,lstm_baseline_calibrated,"{""bidirectional"": false, ""attention"": ""none"", ""embedding"": ""random"", ""class_weights"": false, ""max_len"": 300, ""embedding_dim"": 300, ""hidden_dim"": 128, ""num_layers"": 1, ""dropout"": 0.3, ""epochs"": 30, ""batch_size"": 64, ""lr"": 0.001, ""patience"": 4, ""temperature"": 1.2000000000000006}",2026-10-03 17:44,0.8523,0.4126,0.5138,0.8466,0.8148,0.9502,0.8038,0.0,0.0
"Experiment 2: bidirectional LSTM, mean pooling — does both directions help?",Alain,validation,bilstm,bilstm,"{""bidirectional"": true, ""attention"": ""none"", ""embedding"": ""random"", ""class_weights"": false, ""max_len"": 300, ""embedding_dim"": 300, ""hidden_dim"": 128, ""num_layers"": 1, ""dropout"": 0.3, ""epochs"": 30, ""batch_size"": 64, ""lr"": 0.001, ""patience"": 4}",2026-10-03 17:52,0.864,0.4095,0.5212,0.8578,0.825,0.9524,0.8285,0.0,0.0
"Experiment 2: bidirectional LSTM, mean pooling — does both directions help? | after temperature scaling",Alain,validation,bilstm,bilstm_calibrated,"{""bidirectional"": true, ""attention"": ""none"", ""embedding"": ""random"", ""class_weights"": false, ""max_len"": 300, ""embedding_dim"": 300, ""hidden_dim"": 128, ""num_layers"": 1, ""dropout"": 0.3, ""epochs"": 30, ""batch_size"": 64, ""lr"": 0.001, ""patience"": 4, ""temperature"": 1.1500000000000006}",2026-10-03 17:52,0.864,0.404,0.5212,0.8578,0.825,0.9524,0.8285,0.0,0.0
"Experiment 3: BiLSTM with learned additive attention (Yang et al., 2016)",Alain,validation,bilstm,bilstm_attention,"{""bidirectional"": true, ""attention"": ""learned"", ""embedding"": ""random"", ""class_weights"": false, ""max_len"": 300, ""embedding_dim"": 300, ""hidden_dim"": 128, ""num_layers"": 1, ""dropout"": 0.3, ""epochs"": 30, ""batch_size"": 64, ""lr"": 0.001, ""patience"": 4}",2026-10-03 18:00,0.8795,0.3935,0.5304,0.8731,0.8479,0.9547,0.8496,0.0,0.0
"Experiment 3: BiLSTM with learned additive attention (Yang et al., 2016) | after temperature scaling",Alain,validation,bilstm,bilstm_attention_calibrated,"{""bidirectional"": true, ""attention"": ""learned"", ""embedding"": ""random"", ""class_weights"": false, ""max_len"": 300, ""embedding_dim"": 300, ""hidden_dim"": 128, ""num_layers"": 1, ""dropout"": 0.3, ""epochs"": 30, ""batch_size"": 64, ""lr"": 0.001, ""patience"": 4, ""temperature"": 1.0500000000000005}",2026-10-03 18:00,0.8795,0.3924,0.5304,0.8731,0.8479,0.9547,0.8496,0.0,0.0
"Experiment 4: pretrained Swahili fastText vectors (Kastanos and Martin, 2021)",Alain,validation,bilstm,fasttext,"{""bidirectional"": true, ""attention"": ""learned"", ""embedding"": ""fasttext"", ""class_weights"": false, ""max_len"": 300, ""embedding_dim"": 300, ""hidden_dim"": 128, ""num_layers"": 1, ""dropout"": 0.3, ""epochs"": 30, ""batch_size"": 64, ""lr"": 0.001, ""patience"": 4}",2026-10-03 18:09,0.8575,0.3965,0.5159,0.8511,0.8283,0.9504,0.801,0.0,0.0
"Experiment 4: pretrained Swahili fastText vectors (Kastanos and Martin, 2021) | after temperature scaling",Alain,validation,bilstm,fasttext_calibrated,"{""bidirectional"": true, ""attention"": ""learned"", ""embedding"": ""fasttext"", ""class_weights"": false, ""max_len"": 300, ""embedding_dim"": 300, ""hidden_dim"": 128, ""num_layers"": 1, ""dropout"": 0.3, ""epochs"": 30, ""batch_size"": 64, ""lr"": 0.001, ""patience"": 4, ""temperature"": 1.0500000000000005}",2026-10-03 18:09,0.8575,0.3956,0.5159,0.8511,0.8283,0.9504,0.801,0.0,0.0
Experiment 5: balanced class weights to help kimataifa and burudani,Alain,validation,bilstm,class_weights,"{""bidirectional"": true, ""attention"": ""learned"", ""embedding"": ""random"", ""class_weights"": true, ""max_len"": 300, ""embedding_dim"": 300, ""hidden_dim"": 128, ""num_layers"": 1, ""dropout"": 0.3, ""epochs"": 30, ""batch_size"": 64, ""lr"": 0.001, ""patience"": 4}",2026-10-03 18:17,0.7345,0.675,0.5302,0.7381,0.5996,0.931,0.7245,0.1961,0.2
Experiment 5: balanced class weights to help kimataifa and burudani | after temperature scaling,Alain,validation,bilstm,class_weights_calibrated,"{""bidirectional"": true, ""attention"": ""learned"", ""embedding"": ""random"", ""class_weights"": true, ""max_len"": 300, ""embedding_dim"": 300, ""hidden_dim"": 128, ""num_layers"": 1, ""dropout"": 0.3, ""epochs"": 30, ""batch_size"": 64, ""lr"": 0.001, ""patience"": 4, ""temperature"": 0.9000000000000004}",2026-10-03 18:17,0.7345,0.6724,0.5302,0.7381,0.5996,0.931,0.7245,0.1961,0.2
"Experiment 6: attention weights replaced by uniform weights (Wiegreffe and Pinter, 2019)",Alain,validation,bilstm,uniform_attention,"{""bidirectional"": true, ""attention"": ""uniform"", ""embedding"": ""random"", ""class_weights"": false, ""max_len"": 300, ""embedding_dim"": 300, ""hidden_dim"": 128, ""num_layers"": 1, ""dropout"": 0.3, ""epochs"": 30, ""batch_size"": 64, ""lr"": 0.001, ""patience"": 4}",2026-10-03 18:25,0.864,0.4095,0.5212,0.8578,0.825,0.9524,0.8285,0.0,0.0
"Experiment 6: attention weights replaced by uniform weights (Wiegreffe and Pinter, 2019) | after temperature scaling",Alain,validation,bilstm,uniform_attention_calibrated,"{""bidirectional"": true, ""attention"": ""uniform"", ""embedding"": ""random"", ""class_weights"": false, ""max_len"": 300, ""embedding_dim"": 300, ""hidden_dim"": 128, ""num_layers"": 1, ""dropout"": 0.3, ""epochs"": 30, ""batch_size"": 64, ""lr"": 0.001, ""patience"": 4, ""temperature"": 1.1500000000000006}",2026-10-03 18:25,0.864,0.404,0.5212,0.8578,0.825,0.9524,0.8285,0.0,0.0
Final model (bilstm_attention) on the test set,Alain,test,bilstm,final_seed_42,"{""bidirectional"": true, ""attention"": ""learned"", ""embedding"": ""random"", ""class_weights"": false, ""max_len"": 300, ""embedding_dim"": 300, ""hidden_dim"": 128, ""num_layers"": 1, ""dropout"": 0.3, ""epochs"": 30, ""batch_size"": 64, ""lr"": 0.001, ""patience"": 4, ""temperature"": 1.0500000000000005}",2026-10-03 18:33,0.8668,0.4148,0.5228,0.8604,0.8401,0.9484,0.8255,0.0,0.0
Final model (bilstm_attention) on the test set,Alain,test,bilstm,final_seed_7,"{""bidirectional"": true, ""attention"": ""learned"", ""embedding"": ""random"", ""class_weights"": false, ""max_len"": 300, ""embedding_dim"": 300, ""hidden_dim"": 128, ""num_layers"": 1, ""dropout"": 0.3, ""epochs"": 30, ""batch_size"": 64, ""lr"": 0.001, ""patience"": 4, ""temperature"": 1.1500000000000006}",2026-10-03 18:43,0.8512,0.3925,0.5129,0.8452,0.8281,0.9393,0.7969,0.0,0.0
Final model (bilstm_attention) on the test set,Alain,test,bilstm,final_seed_2026,"{""bidirectional"": true, ""attention"": ""learned"", ""embedding"": ""random"", ""class_weights"": false, ""max_len"": 300, ""embedding_dim"": 300, ""hidden_dim"": 128, ""num_layers"": 1, ""dropout"": 0.3, ""epochs"": 30, ""batch_size"": 64, ""lr"": 0.001, ""patience"": 4, ""temperature"": 1.1000000000000005}",2026-10-03 18:51,0.8758,0.4034,0.5296,0.8698,0.8471,0.9416,0.8592,0.0,0.0
