notes,member,split,model,experiment,settings,date,accuracy,log_loss,macro_f1,weighted_f1,f1_kitaifa,f1_michezo,f1_biashara,f1_kimataifa,f1_burudani,accuracy_std,log_loss_std,macro_f1_std,weighted_f1_std,f1_kitaifa_std,f1_michezo_std,f1_biashara_std,f1_kimataifa_std,f1_burudani_std
Single words only (baseline).,vestine umukundwa,validation,logistic_regression,word_unigrams,"{""analyzer"": ""word"", ""ngram_range"": [1, 1]}",2026-10-03 19:09,0.8614,0.4373,0.5186,0.8554,0.8339,0.95,0.8093,0.0,0.0,,,,,,,,,
Single words only (baseline).,vestine umukundwa,cross_validation,logistic_regression,word_unigrams,"{""analyzer"": ""word"", ""ngram_range"": [1, 1]}",2026-10-03 19:11,0.8605,0.4403,0.5181,0.8546,0.8341,0.9539,0.8027,0.0,0.0,0.0107,0.0172,0.0068,0.0108,0.0111,0.0074,0.0201,0.0,0.0
Words + word pairs (bigrams).,vestine umukundwa,validation,logistic_regression,word_bigrams,"{""analyzer"": ""word"", ""ngram_range"": [1, 2]}",2026-10-03 19:11,0.8575,0.4701,0.516,0.8515,0.832,0.9478,0.8,0.0,0.0,,,,,,,,,
Words + word pairs (bigrams).,vestine umukundwa,cross_validation,logistic_regression,word_bigrams,"{""analyzer"": ""word"", ""ngram_range"": [1, 2]}",2026-10-03 19:16,0.8564,0.4748,0.5156,0.8506,0.8303,0.9518,0.7957,0.0,0.0,0.0096,0.0167,0.0062,0.0098,0.0098,0.0076,0.0186,0.0,0.0
Character n-grams (2-5).,vestine umukundwa,validation,logistic_regression,char_ngrams,"{""analyzer"": ""char_wb"", ""ngram_range"": [2, 5]}",2026-10-03 19:17,0.864,0.4314,0.5202,0.8579,0.8376,0.95,0.8135,0.0,0.0,,,,,,,,,
Character n-grams (2-5).,vestine umukundwa,cross_validation,logistic_regression,char_ngrams,"{""analyzer"": ""char_wb"", ""ngram_range"": [2, 5]}",2026-10-03 19:28,0.8651,0.427,0.521,0.8591,0.8404,0.9525,0.8123,0.0,0.0,0.0091,0.017,0.0059,0.0093,0.01,0.0064,0.0189,0.0,0.0
Bigrams + class_weight=balanced.,vestine umukundwa,validation,logistic_regression,word_bigrams_balanced,"{""analyzer"": ""word"", ""ngram_range"": [1, 2], ""class_weight"": ""balanced""}",2026-10-03 19:28,0.8653,0.5242,0.6011,0.8625,0.8325,0.9478,0.8252,0.4,0.0,,,,,,,,,
Bigrams + class_weight=balanced.,vestine umukundwa,cross_validation,logistic_regression,word_bigrams_balanced,"{""analyzer"": ""word"", ""ngram_range"": [1, 2], ""class_weight"": ""balanced""}",2026-10-03 19:32,0.8608,0.5338,0.5627,0.8575,0.8274,0.9512,0.8186,0.2163,0.0,0.0083,0.0156,0.0134,0.0084,0.0106,0.0076,0.0161,0.0678,0.0
Tuning C = 0.1.,vestine umukundwa,validation,logistic_regression,tune_C_0.1,"{""analyzer"": ""word"", ""ngram_range"": [1, 2], ""class_weight"": ""balanced"", ""C"": 0.1}",2026-10-03 19:32,0.8588,1.0291,0.6428,0.858,0.8174,0.9391,0.8326,0.625,0.0,,,,,,,,,
Tuning C = 0.1.,vestine umukundwa,cross_validation,logistic_regression,tune_C_0.1,"{""analyzer"": ""word"", ""ngram_range"": [1, 2], ""class_weight"": ""balanced"", ""C"": 0.1}",2026-10-03 19:35,0.8395,1.0356,0.5832,0.8389,0.7962,0.9353,0.8075,0.3771,0.0,0.0074,0.0087,0.014,0.0073,0.0094,0.0106,0.0101,0.0723,0.0
Tuning C = 1.0.,vestine umukundwa,validation,logistic_regression,tune_C_1.0,"{""analyzer"": ""word"", ""ngram_range"": [1, 2], ""class_weight"": ""balanced"", ""C"": 1.0}",2026-10-03 19:35,0.8653,0.5242,0.6011,0.8625,0.8325,0.9478,0.8252,0.4,0.0,,,,,,,,,
Tuning C = 1.0.,vestine umukundwa,cross_validation,logistic_regression,tune_C_1.0,"{""analyzer"": ""word"", ""ngram_range"": [1, 2], ""class_weight"": ""balanced"", ""C"": 1.0}",2026-10-03 19:39,0.8608,0.5338,0.5627,0.8575,0.8274,0.9512,0.8186,0.2163,0.0,0.0083,0.0156,0.0134,0.0084,0.0106,0.0076,0.0161,0.0678,0.0
Tuning C = 10.0.,vestine umukundwa,validation,logistic_regression,tune_C_10.0,"{""analyzer"": ""word"", ""ngram_range"": [1, 2], ""class_weight"": ""balanced"", ""C"": 10.0}",2026-10-03 19:39,0.8653,0.3779,0.6005,0.8623,0.8358,0.9498,0.817,0.4,0.0,,,,,,,,,
Tuning C = 10.0.,vestine umukundwa,cross_validation,logistic_regression,tune_C_10.0,"{""analyzer"": ""word"", ""ngram_range"": [1, 2], ""class_weight"": ""balanced"", ""C"": 10.0}",2026-10-03 19:44,0.872,0.3748,0.5589,0.8677,0.8431,0.9575,0.8279,0.1661,0.0,0.008,0.0204,0.0147,0.0081,0.0094,0.005,0.0148,0.0762,0.0
Character n-grams (2-5) + class_weight=balanced.,vestine umukundwa,validation,logistic_regression,char_ngrams_balanced,"{""analyzer"": ""char_wb"", ""ngram_range"": [2, 5], ""class_weight"": ""balanced""}",2026-10-03 19:45,0.8653,0.4711,0.6354,0.8643,0.8314,0.9498,0.8244,0.5714,0.0,,,,,,,,,
Character n-grams (2-5) + class_weight=balanced.,vestine umukundwa,cross_validation,logistic_regression,char_ngrams_balanced,"{""analyzer"": ""char_wb"", ""ngram_range"": [2, 5], ""class_weight"": ""balanced""}",2026-10-03 19:56,0.8649,0.4736,0.6326,0.8636,0.8319,0.9557,0.8188,0.4521,0.1044,0.0095,0.0166,0.0482,0.0097,0.0125,0.0072,0.0183,0.1074,0.2221
"Character n-grams + balanced, C = 0.1.",vestine umukundwa,validation,logistic_regression,char_balanced_C_0.1,"{""analyzer"": ""char_wb"", ""ngram_range"": [2, 5], ""class_weight"": ""balanced"", ""C"": 0.1}",2026-10-03 19:57,0.8433,0.8972,0.6745,0.8462,0.8062,0.9328,0.8167,0.4167,0.4,,,,,,,,,
"Character n-grams + balanced, C = 0.1.",vestine umukundwa,cross_validation,logistic_regression,char_balanced_C_0.1,"{""analyzer"": ""char_wb"", ""ngram_range"": [2, 5], ""class_weight"": ""balanced"", ""C"": 0.1}",2026-10-03 20:06,0.8357,0.9052,0.636,0.8388,0.7983,0.9326,0.8035,0.4357,0.2102,0.012,0.0119,0.0557,0.0114,0.0122,0.013,0.0135,0.0767,0.2883
"Character n-grams + balanced, C = 10.0.",vestine umukundwa,validation,logistic_regression,char_balanced_C_10.0,"{""analyzer"": ""char_wb"", ""ngram_range"": [2, 5], ""class_weight"": ""balanced"", ""C"": 10.0}",2026-10-03 20:07,0.8705,0.3734,0.6242,0.8687,0.8367,0.9559,0.8284,0.5,0.0,,,,,,,,,
"Character n-grams + balanced, C = 10.0.",vestine umukundwa,cross_validation,logistic_regression,char_balanced_C_10.0,"{""analyzer"": ""char_wb"", ""ngram_range"": [2, 5], ""class_weight"": ""balanced"", ""C"": 10.0}",2026-10-03 20:19,0.8735,0.3551,0.6234,0.8707,0.8437,0.9579,0.8309,0.2913,0.1933,0.0082,0.0211,0.046,0.0083,0.0105,0.0071,0.0151,0.1555,0.2907
Best settings from the experiments above.,vestine umukundwa,validation,logistic_regression,best_config,"{""analyzer"": ""char_wb"", ""ngram_range"": [2, 5], ""class_weight"": ""balanced"", ""C"": 1.0}",2026-10-03 20:19,0.8653,0.4711,0.6354,0.8643,0.8314,0.9498,0.8244,0.5714,0.0,,,,,,,,,
Best settings from the experiments above.,vestine umukundwa,cross_validation,logistic_regression,best_config,"{""analyzer"": ""char_wb"", ""ngram_range"": [2, 5], ""class_weight"": ""balanced"", ""C"": 1.0}",2026-10-03 20:30,0.8649,0.4736,0.6326,0.8636,0.8319,0.9557,0.8188,0.4521,0.1044,0.0095,0.0166,0.0482,0.0097,0.0125,0.0072,0.0183,0.1074,0.2221
Final model on the test set.,vestine umukundwa,test,logistic_regression,final,"{""analyzer"": ""char_wb"", ""ngram_range"": [2, 5], ""class_weight"": ""balanced"", ""C"": 1.0}",2026-10-03 20:31,0.8706,0.4649,0.7193,0.8709,0.8489,0.9412,0.8357,0.4706,0.5,,,,,,,,,
